uid,uname,upassword,upicurl,ucash
nmatussevich0,Nelia Matussevich,fbgaLX,http://dummyimage.com/250x250.jpg/cc0000/ffffff,6976
ireavey1,Irita Reavey,GckrkXBusJ,http://dummyimage.com/250x250.jpg/cc0000/ffffff,6197
tstrode2,Travis Strode,lgMLcPE,http://dummyimage.com/250x250.jpg/dddddd/000000,5376
ogeist3,Ogdan Geist,aziDXRLc7,http://dummyimage.com/250x250.jpg/dddddd/000000,9565
lkaradzas4,Laverne Karadzas,5xGKdD,http://dummyimage.com/250x250.jpg/dddddd/000000,7831
lcattemull5,Luce Cattemull,yLF96fpox,http://dummyimage.com/250x250.jpg/dddddd/000000,7975
bchantree6,Bentlee Chantree,h0VTXGhB,http://dummyimage.com/250x250.jpg/5fa2dd/ffffff,7954
erattrie7,Emylee Rattrie,A0MgajV,http://dummyimage.com/250x250.jpg/5fa2dd/ffffff,5148
lsimcoe8,Langston Simcoe,NgHxjZL9N9,http://dummyimage.com/250x250.jpg/ff4444/ffffff,5824
tdowglass9,Tracie Dowglass,L3LpmqGNTAXS,http://dummyimage.com/250x250.jpg/cc0000/ffffff,8911
pneggrinia,Peyter Neggrini,WcROlwvsgM,http://dummyimage.com/250x250.jpg/5fa2dd/ffffff,8641
frackb,Fabian Rack,OnBWXS,http://dummyimage.com/250x250.jpg/5fa2dd/ffffff,9583
ddalgarnoc,Daryn Dalgarno,A08cwQArk,http://dummyimage.com/250x250.jpg/ff4444/ffffff,5160
ahansedd,Amaleta Hansed,aCh6FBim5J9,http://dummyimage.com/250x250.jpg/5fa2dd/ffffff,5241
jmichiele,Jena Michiel,L6I79s,http://dummyimage.com/250x250.jpg/dddddd/000000,8389
fcokaynef,Fairleigh Cokayne,CZUPdZLnQojb,http://dummyimage.com/250x250.jpg/dddddd/000000,6855
fheckleg,Fredra Heckle,7Ydivu9qNp,http://dummyimage.com/250x250.jpg/5fa2dd/ffffff,8740
sbaylesh,Sadie Bayles,isMdGMCk,http://dummyimage.com/250x250.jpg/dddddd/000000,5454
dcarslakei,Dorris Carslake,LqFiPfTO,http://dummyimage.com/250x250.jpg/dddddd/000000,8353
mmccombj,Modestia McComb,khqzMpGuqZ,http://dummyimage.com/250x250.jpg/cc0000/ffffff,8017
jbinfordk,Joanne Binford,AdNVcmvt,http://dummyimage.com/250x250.jpg/dddddd/000000,7901
dcrudgingtonl,Dean Crudgington,rscLQBeF3Q3,http://dummyimage.com/250x250.jpg/cc0000/ffffff,9106
ecastellanm,Elana Castellan,O7altS8iP,http://dummyimage.com/250x250.jpg/5fa2dd/ffffff,6176
jgreendalen,Janot Greendale,p7x1vy,http://dummyimage.com/250x250.jpg/5fa2dd/ffffff,5526
mweltono,Maria Welton,o3AgbPfA,http://dummyimage.com/250x250.jpg/cc0000/ffffff,6125
bfittesp,Briant Fittes,CqxdQzDC,http://dummyimage.com/250x250.jpg/5fa2dd/ffffff,6666
cmackimmieq,Carson MacKimmie,gf92gxyjLZK3,http://dummyimage.com/250x250.jpg/5fa2dd/ffffff,7262
sburrusr,Stearn Burrus,vUQvcsOXnvN,http://dummyimage.com/250x250.jpg/ff4444/ffffff,7446
ecornwalls,Emelen Cornwall,5mv0g6,http://dummyimage.com/250x250.jpg/5fa2dd/ffffff,5003
npifft,Nanice Piff,S6tnDo,http://dummyimage.com/250x250.jpg/dddddd/000000,7402
svasechkinu,Sara Vasechkin,cPLiUz,http://dummyimage.com/250x250.jpg/5fa2dd/ffffff,5035
bwhatsonv,Benny Whatson,LwP1mRQzhfpm,http://dummyimage.com/250x250.jpg/dddddd/000000,5351
gbeadew,Grove Beade,lcts4bXYt,http://dummyimage.com/250x250.jpg/ff4444/ffffff,9788
econnickx,Edy Connick,DOUON0U,http://dummyimage.com/250x250.jpg/ff4444/ffffff,9627
jcordeauy,Jana Cordeau],ACjqrVXydyaG,http://dummyimage.com/250x250.jpg/5fa2dd/ffffff,6234
dnicholesz,Dalia Nicholes,i1RO88h0,http://dummyimage.com/250x250.jpg/5fa2dd/ffffff,9563
tbambra10,Tabbi Bambra,IJUb9q4E,http://dummyimage.com/250x250.jpg/ff4444/ffffff,9039
bberthe11,Bernardo Berthe,6noJTY,http://dummyimage.com/250x250.jpg/cc0000/ffffff,7878
iverling12,Ibby Verling,U3sn4MDlqP,http://dummyimage.com/250x250.jpg/5fa2dd/ffffff,8936
mwarder13,Marlo Warder,lcnJalUjKu,http://dummyimage.com/250x250.jpg/dddddd/000000,9560
dwickenden14,Devi Wickenden,M62Q0FBapQw,http://dummyimage.com/250x250.jpg/5fa2dd/ffffff,8628
jllorente15,Jennifer Llorente,uCGdluj,http://dummyimage.com/250x250.jpg/cc0000/ffffff,5845
jadiscot16,Jerry Adiscot,YoWnit,http://dummyimage.com/250x250.jpg/cc0000/ffffff,6825
mbuxcey17,Myriam Buxcey,RNQvwz8u,http://dummyimage.com/250x250.jpg/dddddd/000000,9294
jglennie18,Juan Glennie,5fqVA9,http://dummyimage.com/250x250.jpg/cc0000/ffffff,9249
ablandamere19,Ansley Blandamere,Pn416k5I8tf7,http://dummyimage.com/250x250.jpg/5fa2dd/ffffff,7950
ibickmore1a,Isis Bickmore,ZJqyTSnpPvx,http://dummyimage.com/250x250.jpg/cc0000/ffffff,5599
mkill1b,Merrily Kill,1S5Vl1,http://dummyimage.com/250x250.jpg/cc0000/ffffff,6984
tmcaw1c,Tonia McAw,QyB7I00,http://dummyimage.com/250x250.jpg/cc0000/ffffff,7209
mcosbee1d,Merl Cosbee,Wcq4Vqz4,http://dummyimage.com/250x250.jpg/dddddd/000000,8804
kmalyan1e,Kurt Malyan,NuofIo24o,http://dummyimage.com/250x250.jpg/5fa2dd/ffffff,5235
etrueman1f,Elane Trueman,SdJ7v2c,http://dummyimage.com/250x250.jpg/cc0000/ffffff,8650
kcrayke1g,Kissie Crayke,ftdVBus1X,http://dummyimage.com/250x250.jpg/dddddd/000000,8915
oelington1h,Orazio Elington,DwAUenzyg,http://dummyimage.com/250x250.jpg/5fa2dd/ffffff,8406
mwilbore1i,Melly Wilbore,Uq5Zc3bKK,http://dummyimage.com/250x250.jpg/5fa2dd/ffffff,7040
bboase1j,Benedicta Boase,dEjjfeuCNmQ4,http://dummyimage.com/250x250.jpg/dddddd/000000,8300
fgemmill1k,Felice Gemmill,CDCEtaqSxN,http://dummyimage.com/250x250.jpg/dddddd/000000,7333
fpapes1l,Farly Papes,SD6m5HKELMR,http://dummyimage.com/250x250.jpg/dddddd/000000,6509
hpero1m,Harman Pero,Ysbxp2wq,http://dummyimage.com/250x250.jpg/cc0000/ffffff,6450
llaba1n,Letty Laba,tOxDO3dzYDI,http://dummyimage.com/250x250.jpg/cc0000/ffffff,5505
cle1o,Carey Le Fleming,QBDwVp,http://dummyimage.com/250x250.jpg/ff4444/ffffff,8995
ctichelaar1p,Chrystel Tichelaar,iHRUqY0kG,http://dummyimage.com/250x250.jpg/dddddd/000000,7502
fgenthner1q,Felecia Genthner,68Jg6zB,http://dummyimage.com/250x250.jpg/dddddd/000000,6211
hphilipeau1r,Harlene Philipeau,BnKHb9,http://dummyimage.com/250x250.jpg/5fa2dd/ffffff,6264
hrosenkrantz1s,Hamel Rosenkrantz,VRx4CJzQh3,http://dummyimage.com/250x250.jpg/5fa2dd/ffffff,6909
sfreezer1t,Sherwynd Freezer,t71nmScv,http://dummyimage.com/250x250.jpg/cc0000/ffffff,7881
jmustoe1u,Justino Mustoe,L7RvijixaKbJ,http://dummyimage.com/250x250.jpg/cc0000/ffffff,7317
agorden1v,Abner Gorden,wsND6LYj,http://dummyimage.com/250x250.jpg/cc0000/ffffff,7604
bhatchette1w,Bessie Hatchette,dSkwh7,http://dummyimage.com/250x250.jpg/dddddd/000000,6293
gdutson1x,Galvin Dutson,CFQngEYMdAoU,http://dummyimage.com/250x250.jpg/dddddd/000000,8474
mroundtree1y,Monica Roundtree,oIuCTWw0F,http://dummyimage.com/250x250.jpg/ff4444/ffffff,6292
dbelton1z,D'arcy Belton,c1t0v33h,http://dummyimage.com/250x250.jpg/5fa2dd/ffffff,7346
srean20,Sutherlan Rean,zPRMrlr,http://dummyimage.com/250x250.jpg/dddddd/000000,5430
fmorten21,Fancie Morten,KxzWVW2R9R,http://dummyimage.com/250x250.jpg/cc0000/ffffff,5425
jnealand22,Jonathan Nealand,o1xnWwyA0Cxs,http://dummyimage.com/250x250.jpg/ff4444/ffffff,8165
scazalet23,Sianna Cazalet,tXCCMYpdsyXe,http://dummyimage.com/250x250.jpg/dddddd/000000,8995
jmcturk24,Jenda McTurk,gv1QTZFrn4Mj,http://dummyimage.com/250x250.jpg/5fa2dd/ffffff,7935
abernardinelli25,Alix Bernardinelli,9302nROv5,http://dummyimage.com/250x250.jpg/cc0000/ffffff,6815
jlaidlaw26,Jacklyn Laidlaw,wbGJpQn8RY1Q,http://dummyimage.com/250x250.jpg/dddddd/000000,5541
rpetrillo27,Ruby Petrillo,NBRcoJin,http://dummyimage.com/250x250.jpg/5fa2dd/ffffff,8711
dmathiassen28,Dene Mathiassen,ajUCJK,http://dummyimage.com/250x250.jpg/dddddd/000000,7176
wharm29,West Harm,S9C9d3,http://dummyimage.com/250x250.jpg/5fa2dd/ffffff,6358
mroscoe2a,Miguel Roscoe,HH4R3Nao3gO,http://dummyimage.com/250x250.jpg/cc0000/ffffff,5233
baudsley2b,Bale Audsley,DPANqE,http://dummyimage.com/250x250.jpg/5fa2dd/ffffff,7879
gguidotti2c,Gale Guidotti,48ntC8vYohoI,http://dummyimage.com/250x250.jpg/ff4444/ffffff,7805
abyas2d,Auberta Byas,sXZDRJzS,http://dummyimage.com/250x250.jpg/dddddd/000000,5245
elongina2e,Elena Longina,Bk1UARZd,http://dummyimage.com/250x250.jpg/ff4444/ffffff,8760
rgenike2f,Rubia Genike,IToSAP5FDixL,http://dummyimage.com/250x250.jpg/dddddd/000000,9600
amathivon2g,Ami Mathivon,567MSHkf,http://dummyimage.com/250x250.jpg/ff4444/ffffff,8082
sgostage2h,Stu Gostage,Fa5oP8Sv,http://dummyimage.com/250x250.jpg/dddddd/000000,5508
aheffy2i,Adelaide Heffy,mlGZSjJnSpnI,http://dummyimage.com/250x250.jpg/ff4444/ffffff,5544
gmathers2j,Grethel Mathers,W7q8ezpM30,http://dummyimage.com/250x250.jpg/5fa2dd/ffffff,5733
jshawdforth2k,Jeffy Shawdforth,KtFrZOEk,http://dummyimage.com/250x250.jpg/dddddd/000000,8406
dglasser2l,Dionne Glasser,e8W01Ne,http://dummyimage.com/250x250.jpg/dddddd/000000,6743
scorrin2m,Selie Corrin,ZOpqa1y19v5,http://dummyimage.com/250x250.jpg/5fa2dd/ffffff,8549
dbelchamber2n,Dominik Belchamber,KKMhiaSdP,http://dummyimage.com/250x250.jpg/dddddd/000000,5100
lbowdidge2o,Lorraine Bowdidge,QzDYZTJ91,http://dummyimage.com/250x250.jpg/dddddd/000000,8679
cjoron2p,Cello Joron,qJQzSYT,http://dummyimage.com/250x250.jpg/dddddd/000000,5411
mmayer2q,Marianna Mayer,7fekTaiKn,http://dummyimage.com/250x250.jpg/cc0000/ffffff,8105
dgarrold2r,Dorey Garrold,6faRDaDU2,http://dummyimage.com/250x250.jpg/5fa2dd/ffffff,8327
